{"cameraMode":{"drawMode":0,"name":"Shaded","section":"Shading Mode"},"sceneLighting":true,"audioPlay":false,"sceneViewState":{"m_AlwaysRefresh":false,"showFog":true,"showSkybox":true,"showFlares":true,"showImageEffects":true,"showParticleSystems":true,"showVisualEffectGraphs":true,"m_FxEnabled":true},"in2DMode":false,"pivot":{"x":2.8638558387756349,"y":2.102194309234619,"z":-1.1468846797943116},"rotation":{"x":-0.0045774467289447788,"y":0.5921983122825623,"z":0.003393883351236582,"w":0.80576092004776},"size":4.22474479675293,"orthographic":false}