{"cameraMode":{"drawMode":0,"name":"Shaded","section":"Shading Mode"},"sceneLighting":false,"audioPlay":false,"sceneViewState":{"m_AlwaysRefresh":false,"showFog":true,"showSkybox":false,"showFlares":true,"showImageEffects":true,"showParticleSystems":true,"showVisualEffectGraphs":true,"m_FxEnabled":true},"in2DMode":false,"pivot":{"x":-0.28646156191825869,"y":2.1956844329833986,"z":5.479201793670654},"rotation":{"x":0.0014340067282319069,"y":0.9915978908538818,"z":-0.1289399415254593,"w":0.011018479242920876},"size":0.8660253882408142,"orthographic":false}