{"cameraMode":{"drawMode":0,"name":"Shaded","section":"Shading Mode"},"sceneLighting":false,"audioPlay":false,"sceneViewState":{"m_AlwaysRefresh":false,"showFog":true,"showSkybox":false,"showFlares":true,"showImageEffects":true,"showParticleSystems":true,"showVisualEffectGraphs":true,"m_FxEnabled":true},"in2DMode":false,"pivot":{"x":0.7541019916534424,"y":1.1087779998779297,"z":0.1666383594274521},"rotation":{"x":0.02697194181382656,"y":0.9708516597747803,"z":-0.19812452793121339,"w":0.13216374814510346},"size":1.2247447967529297,"orthographic":false}