{"cameraMode":{"drawMode":0,"name":"Shaded","section":"Shading Mode"},"sceneLighting":false,"audioPlay":false,"sceneViewState":{"m_AlwaysRefresh":false,"showFog":true,"showSkybox":false,"showFlares":true,"showImageEffects":true,"showParticleSystems":true,"showVisualEffectGraphs":true,"m_FxEnabled":true},"in2DMode":false,"pivot":{"x":0.8243079781532288,"y":1.8752222061157227,"z":1.4194835424423218},"rotation":{"x":-0.27581414580345156,"y":0.6783587336540222,"z":-0.3080943524837494,"w":-0.6073311567306519},"size":1.2247447967529297,"orthographic":false}